country,1950,1951,1952,1953,1954,1955,1956,1957,1958,1959,1960,1961,1962,1963,1964,1965,1966,1967,1968,1969,1970,1971,1972,1973,1974,1975,1976,1977,1978,1979,1980,1981,1982,1983,1984,1985,1986,1987,1988,1989,1990,1991,1992,1993,1994,1995,1996,1997,1998,1999,2000,2001,2002,2003,2004,2005,2006,2007,2008,2009,2010,2011,2012,2013,2014,2015,2016,2017,2018,2019,2020,2021,2022,2023,2024,2025,2026,2027,2028,2029,2030,2031,2032,2033,2034,2035,2036,2037,2038,2039,2040,2041,2042,2043,2044,2045,2046,2047,2048,2049,2050,2051,2052,2053,2054,2055,2056,2057,2058,2059,2060,2061,2062,2063,2064,2065,2066,2067,2068,2069,2070,2071,2072,2073,2074,2075,2076,2077,2078,2079,2080,2081,2082,2083,2084,2085,2086,2087,2088,2089,2090,2091,2092,2093,2094,2095,2096,2097,2098,2099,2100
Afghanistan,118,,,,,114,,,,,111,,,,,107,,,,,105,,,,,103,,,,,103,,,,,104,,,,,105,,,,,108,,,,,109,,,,,110,,,,,108,,,,,109,,,,,108,,,,,107,,,,,106,,,,,106,,,,,105,,,,,105,,,,,105,,,,,105,,,,,105,,,,,105,,,,,105,,,,,105,,,,,105,,,,,105,,,,,105,,,,,105,,,,,105
Albania,108,,,,,110,,,,,112,,,,,112,,,,,110,,,,,110,,,,,108,,,,,106,,,,,105,,,,,92.5,,,,,98.6,,,,,95.4,,,,,97.8,,,,,104,,,,,106,,,,,108,,,,,111,,,,,113,,,,,111,,,,,108,,,,,109,,,,,109,,,,,108,,,,,108,,,,,108,,,,,107,,,,,107,,,,,107,,,,,107,,,,,107,,,,,107
Algeria,103,,,,,99.5,,,,,99.6,,,,,99.4,,,,,101,,,,,101,,,,,102,,,,,103,,,,,103,,,,,103,,,,,103,,,,,103,,,,,102,,,,,102,,,,,102,,,,,102,,,,,103,,,,,103,,,,,104,,,,,104,,,,,104,,,,,104,,,,,104,,,,,104,,,,,105,,,,,105,,,,,105,,,,,105,,,,,105,,,,,105,,,,,105
Angola,92.8,,,,,93.4,,,,,93.8,,,,,94.6,,,,,95.2,,,,,95.7,,,,,96.1,,,,,96,,,,,96,,,,,95.8,,,,,95.6,,,,,95.4,,,,,95.3,,,,,95.2,,,,,95.2,,,,,95.4,,,,,95.8,,,,,96.1,,,,,96.5,,,,,96.7,,,,,97,,,,,97.1,,,,,97.3,,,,,97.3,,,,,97.4,,,,,97.5,,,,,97.7,,,,,97.9,,,,,98.2,,,,,98.4,,,,,98.7
Antigua and Barbuda,98.4,,,,,102,,,,,88.1,,,,,90.3,,,,,91.7,,,,,93.2,,,,,99,,,,,98.8,,,,,96.4,,,,,97.3,,,,,86.5,,,,,89.9,,,,,89.6,,,,,91.3,,,,,93.3,,,,,95.5,,,,,96.6,,,,,97.9,,,,,99.4,,,,,101,,,,,101,,,,,101,,,,,101,,,,,102,,,,,102,,,,,102,,,,,102,,,,,102,,,,,102,,,,,102,,,,,102
Argentina,106,,,,,104,,,,,103,,,,,102,,,,,102,,,,,102,,,,,99.1,,,,,99,,,,,98.8,,,,,99.1,,,,,99.3,,,,,99.8,,,,,100,,,,,101,,,,,101,,,,,102,,,,,102,,,,,102,,,,,102,,,,,103,,,,,103,,,,,103,,,,,103,,,,,103,,,,,104,,,,,104,,,,,104,,,,,104,,,,,104,,,,,104,,,,,104
Armenia,88.4,,,,,90.5,,,,,91.1,,,,,93.2,,,,,96.5,,,,,97.6,,,,,97,,,,,96.8,,,,,95.3,,,,,89,,,,,86.4,,,,,87.5,,,,,86.4,,,,,89.6,,,,,92.5,,,,,95,,,,,97.8,,,,,101,,,,,104,,,,,107,,,,,107,,,,,106,,,,,104,,,,,103,,,,,102,,,,,102,,,,,101,,,,,101,,,,,101,,,,,101,,,,,101
Australia,105,,,,,107,,,,,106,,,,,106,,,,,105,,,,,105,,,,,104,,,,,103,,,,,102,,,,,101,,,,,101,,,,,101,,,,,102,,,,,101,,,,,101,,,,,102,,,,,102,,,,,102,,,,,102,,,,,102,,,,,102,,,,,102,,,,,102,,,,,102,,,,,102,,,,,102,,,,,103,,,,,103,,,,,103,,,,,103,,,,,103
Austria,85.8,,,,,87.1,,,,,89.9,,,,,93.5,,,,,96.6,,,,,101,,,,,102,,,,,102,,,,,102,,,,,103,,,,,103,,,,,102,,,,,102,,,,,102,,,,,102,,,,,103,,,,,103,,,,,104,,,,,104,,,,,104,,,,,104,,,,,104,,,,,104,,,,,104,,,,,104,,,,,104,,,,,104,,,,,104,,,,,104,,,,,104,,,,,104
Azerbaijan,84.5,,,,,87.8,,,,,90.2,,,,,93.7,,,,,97,,,,,99.7,,,,,100,,,,,98.6,,,,,97.2,,,,,95.5,,,,,94.2,,,,,95.9,,,,,97.3,,,,,99.3,,,,,102,,,,,104,,,,,106,,,,,108,,,,,110,,,,,112,,,,,111,,,,,110,,,,,109,,,,,108,,,,,108,,,,,107,,,,,107,,,,,106,,,,,106,,,,,106,,,,,106
Bahamas,80.4,,,,,81.7,,,,,88.6,,,,,94.2,,,,,97.5,,,,,95.2,,,,,97.9,,,,,99,,,,,99.9,,,,,98.6,,,,,95.3,,,,,97,,,,,98.4,,,,,99,,,,,99.5,,,,,100,,,,,101,,,,,101,,,,,102,,,,,103,,,,,103,,,,,104,,,,,104,,,,,104,,,,,104,,,,,104,,,,,104,,,,,105,,,,,105,,,,,105,,,,,105
Bahrain,131,,,,,129,,,,,130,,,,,142,,,,,134,,,,,149,,,,,172,,,,,155,,,,,159,,,,,156,,,,,150,,,,,175,,,,,192,,,,,188,,,,,221,,,,,219,,,,,206,,,,,191,,,,,188,,,,,197,,,,,196,,,,,192,,,,,182,,,,,170,,,,,160,,,,,155,,,,,153,,,,,151,,,,,149,,,,,147,,,,,144
Bangladesh,112,,,,,110,,,,,108,,,,,106,,,,,105,,,,,103,,,,,103,,,,,104,,,,,104,,,,,104,,,,,104,,,,,103,,,,,101,,,,,100,,,,,100,,,,,100,,,,,101,,,,,102,,,,,102,,,,,103,,,,,103,,,,,103,,,,,103,,,,,103,,,,,103,,,,,103,,,,,103,,,,,103,,,,,103,,,,,104,,,,,104
Barbados,89.5,,,,,87.4,,,,,79.4,,,,,83.8,,,,,88.9,,,,,90.2,,,,,93.1,,,,,96.1,,,,,98.4,,,,,97.5,,,,,95.8,,,,,95.3,,,,,95,,,,,95.1,,,,,95.1,,,,,95.4,,,,,95.4,,,,,96,,,,,96.6,,,,,97.3,,,,,97.8,,,,,97.8,,,,,97.9,,,,,98.2,,,,,98.5,,,,,98.7,,,,,99,,,,,99.3,,,,,99.5,,,,,99.8,,,,,100
Belarus,76.5,,,,,79.2,,,,,81.4,,,,,86.2,,,,,90.4,,,,,95.3,,,,,98.3,,,,,98.8,,,,,99.2,,,,,98.4,,,,,98.9,,,,,98.5,,,,,98.8,,,,,99.8,,,,,101,,,,,102,,,,,103,,,,,103,,,,,104,,,,,104,,,,,104,,,,,104,,,,,104,,,,,105,,,,,105,,,,,105,,,,,105,,,,,105,,,,,105,,,,,105,,,,,105
Belgium,102,,,,,102,,,,,102,,,,,102,,,,,102,,,,,102,,,,,102,,,,,103,,,,,103,,,,,103,,,,,103,,,,,103,,,,,103,,,,,102,,,,,103,,,,,103,,,,,103,,,,,104,,,,,104,,,,,104,,,,,104,,,,,103,,,,,103,,,,,103,,,,,103,,,,,103,,,,,103,,,,,103,,,,,103,,,,,104,,,,,104
Belize,95.2,,,,,94.2,,,,,93.8,,,,,95.5,,,,,97.2,,,,,99.6,,,,,103,,,,,102,,,,,102,,,,,101,,,,,102,,,,,101,,,,,97.6,,,,,97.1,,,,,97.2,,,,,97.9,,,,,98.5,,,,,99.2,,,,,99.7,,,,,100,,,,,100,,,,,101,,,,,101,,,,,101,,,,,101,,,,,101,,,,,101,,,,,102,,,,,102,,,,,102,,,,,102
Benin,90,,,,,89,,,,,88.1,,,,,87,,,,,88.6,,,,,89.6,,,,,90.8,,,,,92.3,,,,,93.9,,,,,95.9,,,,,97.6,,,,,98.8,,,,,98.9,,,,,99.7,,,,,100,,,,,101,,,,,101,,,,,101,,,,,101,,,,,101,,,,,101,,,,,101,,,,,101,,,,,101,,,,,100,,,,,100,,,,,100,,,,,100,,,,,100,,,,,100,,,,,100
Bhutan,106,,,,,106,,,,,106,,,,,105,,,,,104,,,,,109,,,,,112,,,,,109,,,,,107,,,,,104,,,,,103,,,,,115,,,,,117,,,,,117,,,,,114,,,,,112,,,,,108,,,,,104,,,,,102,,,,,102,,,,,102,,,,,102,,,,,102,,,,,102,,,,,102,,,,,102,,,,,103,,,,,103,,,,,103,,,,,103,,,,,103
Bolivia,96.4,,,,,97.8,,,,,99.7,,,,,101,,,,,102,,,,,102,,,,,102,,,,,102,,,,,101,,,,,101,,,,,100,,,,,101,,,,,101,,,,,101,,,,,101,,,,,101,,,,,101,,,,,101,,,,,102,,,,,102,,,,,102,,,,,103,,,,,103,,,,,103,,,,,104,,,,,104,,,,,104,,,,,104,,,,,104,,,,,105,,,,,105
Bosnia and Herzegovina,91.4,,,,,92.1,,,,,92.1,,,,,94.8,,,,,96.3,,,,,98.8,,,,,101,,,,,102,,,,,103,,,,,101,,,,,103,,,,,103,,,,,103,,,,,104,,,,,104,,,,,105,,,,,105,,,,,105,,,,,105,,,,,105,,,,,105,,,,,105,,,,,105,,,,,105,,,,,105,,,,,105,,,,,105,,,,,105,,,,,105,,,,,105,,,,,105
Botswana,96.5,,,,,95.9,,,,,89.2,,,,,86.1,,,,,87.8,,,,,91.5,,,,,94.7,,,,,96.9,,,,,98.4,,,,,98.8,,,,,98.8,,,,,99.7,,,,,101,,,,,101,,,,,101,,,,,101,,,,,101,,,,,101,,,,,101,,,,,101,,,,,101,,,,,101,,,,,102,,,,,102,,,,,102,,,,,102,,,,,102,,,,,102,,,,,102,,,,,103,,,,,103
Brazil,99.3,,,,,99.8,,,,,100,,,,,100,,,,,100,,,,,99.9,,,,,99.4,,,,,98.9,,,,,98.6,,,,,98.4,,,,,98.4,,,,,98.6,,,,,98.9,,,,,99.4,,,,,99.9,,,,,100,,,,,101,,,,,101,,,,,102,,,,,102,,,,,103,,,,,103,,,,,103,,,,,104,,,,,104,,,,,104,,,,,104,,,,,104,,,,,104,,,,,104,,,,,105
Brunei,107,,,,,109,,,,,109,,,,,110,,,,,108,,,,,108,,,,,119,,,,,115,,,,,116,,,,,110,,,,,101,,,,,104,,,,,108,,,,,108,,,,,108,,,,,108,,,,,107,,,,,106,,,,,105,,,,,105,,,,,105,,,,,105,,,,,105,,,,,105,,,,,105,,,,,105,,,,,105,,,,,105,,,,,105,,,,,105,,,,,105
Bulgaria,103,,,,,101,,,,,101,,,,,101,,,,,102,,,,,102,,,,,102,,,,,102,,,,,101,,,,,101,,,,,102,,,,,104,,,,,106,,,,,106,,,,,107,,,,,107,,,,,107,,,,,107,,,,,108,,,,,108,,,,,108,,,,,109,,,,,109,,,,,109,,,,,109,,,,,109,,,,,109,,,,,109,,,,,109,,,,,109,,,,,109
Burkina Faso,110,,,,,106,,,,,103,,,,,99.4,,,,,96.8,,,,,94.8,,,,,93.1,,,,,92.6,,,,,93.2,,,,,94.5,,,,,95.8,,,,,97.4,,,,,98.9,,,,,100,,,,,101,,,,,102,,,,,102,,,,,102,,,,,102,,,,,102,,,,,102,,,,,102,,,,,102,,,,,102,,,,,102,,,,,102,,,,,102,,,,,102,,,,,102,,,,,102,,,,,102
Burundi,91.1,,,,,91.4,,,,,91.9,,,,,92.4,,,,,93.4,,,,,92.2,,,,,92.6,,,,,92.6,,,,,93.9,,,,,92.3,,,,,95.5,,,,,95.9,,,,,94.6,,,,,94.3,,,,,94.9,,,,,95.6,,,,,96,,,,,96.8,,,,,97.9,,,,,98.5,,,,,98.7,,,,,98.9,,,,,98.9,,,,,98.8,,,,,98.8,,,,,98.9,,,,,99.1,,,,,99.3,,,,,99.5,,,,,99.7,,,,,100
Cambodia,101,,,,,102,,,,,102,,,,,101,,,,,100,,,,,98.4,,,,,85.6,,,,,86,,,,,87.8,,,,,88.8,,,,,91.2,,,,,93.2,,,,,96.5,,,,,97.3,,,,,97.3,,,,,97.8,,,,,98.1,,,,,98.8,,,,,99.5,,,,,99.2,,,,,99.2,,,,,99.8,,,,,99.9,,,,,100,,,,,101,,,,,101,,,,,101,,,,,101,,,,,102,,,,,102,,,,,102
Cameroon,96.8,,,,,96.9,,,,,97,,,,,97.2,,,,,97.5,,,,,97.8,,,,,98.1,,,,,98.4,,,,,98.7,,,,,99,,,,,99.6,,,,,100,,,,,101,,,,,101,,,,,101,,,,,101,,,,,101,,,,,100,,,,,100,,,,,100,,,,,100,,,,,100,,,,,100,,,,,100,,,,,100,,,,,101,,,,,101,,,,,101,,,,,101,,,,,101,,,,,101
Canada,101,,,,,102,,,,,102,,,,,101,,,,,102,,,,,103,,,,,103,,,,,103,,,,,102,,,,,102,,,,,102,,,,,102,,,,,102,,,,,101,,,,,101,,,,,102,,,,,102,,,,,102,,,,,103,,,,,103,,,,,103,,,,,103,,,,,103,,,,,103,,,,,103,,,,,103,,,,,103,,,,,104,,,,,104,,,,,104,,,,,104
Cape Verde,91.3,,,,,89.9,,,,,82.3,,,,,84.1,,,,,88.1,,,,,83.1,,,,,74.5,,,,,79.9,,,,,83.5,,,,,89.3,,,,,91.1,,,,,96.8,,,,,104,,,,,104,,,,,104,,,,,104,,,,,103,,,,,102,,,,,101,,,,,102,,,,,102,,,,,102,,,,,102,,,,,103,,,,,103,,,,,103,,,,,103,,,,,103,,,,,103,,,,,103,,,,,103
Central African Republic,98.5,,,,,98.1,,,,,97.8,,,,,97.6,,,,,97.1,,,,,96.9,,,,,96.9,,,,,96.8,,,,,96.7,,,,,96.9,,,,,97.3,,,,,98,,,,,98.3,,,,,98.3,,,,,98,,,,,97.6,,,,,97.3,,,,,97.3,,,,,97.2,,,,,97.1,,,,,97.1,,,,,97.3,,,,,97.5,,,,,97.8,,,,,98.1,,,,,98.4,,,,,98.8,,,,,99.2,,,,,99.7,,,,,100,,,,,100
Chad,96.6,,,,,96.6,,,,,97.3,,,,,97.6,,,,,96.8,,,,,96.8,,,,,97.1,,,,,97.7,,,,,98.1,,,,,98.5,,,,,99,,,,,100,,,,,101,,,,,101,,,,,101,,,,,101,,,,,100,,,,,100,,,,,100,,,,,100,,,,,100,,,,,100,,,,,100,,,,,100,,,,,99.8,,,,,99.6,,,,,99.5,,,,,99.4,,,,,99.3,,,,,99.3,,,,,99.4
Chile,96.8,,,,,96.5,,,,,96.6,,,,,97,,,,,97.6,,,,,98.3,,,,,99.1,,,,,99.7,,,,,100,,,,,101,,,,,101,,,,,101,,,,,102,,,,,102,,,,,103,,,,,104,,,,,104,,,,,105,,,,,105,,,,,105,,,,,106,,,,,106,,,,,106,,,,,106,,,,,106,,,,,106,,,,,106,,,,,106,,,,,106,,,,,106,,,,,105
China,110,,,,,111,,,,,112,,,,,111,,,,,110,,,,,109,,,,,108,,,,,106,,,,,106,,,,,105,,,,,105,,,,,105,,,,,106,,,,,107,,,,,108,,,,,110,,,,,111,,,,,113,,,,,114,,,,,115,,,,,114,,,,,114,,,,,113,,,,,112,,,,,111,,,,,110,,,,,109,,,,,108,,,,,108,,,,,107,,,,,107
Colombia,99.2,,,,,98.5,,,,,98,,,,,97.8,,,,,97.9,,,,,98.3,,,,,98.7,,,,,98.8,,,,,98.5,,,,,97.8,,,,,97.7,,,,,97.9,,,,,98.1,,,,,98.4,,,,,98.8,,,,,99.1,,,,,99.5,,,,,99.9,,,,,100,,,,,101,,,,,101,,,,,102,,,,,102,,,,,103,,,,,103,,,,,104,,,,,104,,,,,104,,,,,104,,,,,104,,,,,105
Comoros,98.5,,,,,99,,,,,99.2,,,,,100,,,,,101,,,,,101,,,,,101,,,,,101,,,,,101,,,,,102,,,,,102,,,,,102,,,,,102,,,,,102,,,,,102,,,,,103,,,,,103,,,,,103,,,,,103,,,,,102,,,,,102,,,,,102,,,,,102,,,,,102,,,,,102,,,,,102,,,,,102,,,,,102,,,,,102,,,,,102,,,,,102
"Congo, Dem. Rep.",85.9,,,,,87.7,,,,,89.4,,,,,91.2,,,,,93.2,,,,,94.8,,,,,96.2,,,,,97.2,,,,,98.1,,,,,98.6,,,,,99,,,,,99.2,,,,,99.4,,,,,99.5,,,,,99.6,,,,,99.8,,,,,99.9,,,,,100,,,,,100,,,,,100,,,,,100,,,,,99.9,,,,,99.9,,,,,99.9,,,,,99.9,,,,,100,,,,,100,,,,,100,,,,,101,,,,,101,,,,,101
"Congo, Rep.",99,,,,,98.7,,,,,98.4,,,,,98.2,,,,,98.5,,,,,98.8,,,,,99.1,,,,,99.4,,,,,99.6,,,,,100,,,,,100,,,,,101,,,,,101,,,,,101,,,,,100,,,,,100,,,,,100,,,,,100,,,,,100,,,,,100,,,,,100,,,,,100,,,,,101,,,,,101,,,,,101,,,,,101,,,,,101,,,,,102,,,,,102,,,,,102,,,,,102
Costa Rica,104,,,,,104,,,,,103,,,,,103,,,,,103,,,,,103,,,,,103,,,,,102,,,,,102,,,,,101,,,,,101,,,,,101,,,,,101,,,,,102,,,,,102,,,,,103,,,,,103,,,,,103,,,,,104,,,,,104,,,,,104,,,,,104,,,,,104,,,,,104,,,,,104,,,,,104,,,,,105,,,,,105,,,,,105,,,,,105,,,,,105
Cote d'Ivoire,104,,,,,107,,,,,109,,,,,113,,,,,114,,,,,116,,,,,117,,,,,116,,,,,114,,,,,111,,,,,108,,,,,106,,,,,104,,,,,102,,,,,101,,,,,99.9,,,,,99.5,,,,,99.4,,,,,99.3,,,,,99.1,,,,,99.1,,,,,99,,,,,99,,,,,99,,,,,98.9,,,,,98.8,,,,,98.8,,,,,98.7,,,,,98.7,,,,,98.8,,,,,98.8
Croatia,90.7,,,,,91.9,,,,,92.9,,,,,96,,,,,99.3,,,,,103,,,,,103,,,,,103,,,,,103,,,,,103,,,,,102,,,,,101,,,,,102,,,,,103,,,,,103,,,,,104,,,,,104,,,,,105,,,,,105,,,,,105,,,,,105,,,,,105,,,,,106,,,,,106,,,,,106,,,,,106,,,,,106,,,,,106,,,,,106,,,,,106,,,,,106
Cuba,104,,,,,102,,,,,101,,,,,102,,,,,102,,,,,102,,,,,103,,,,,102,,,,,103,,,,,103,,,,,102,,,,,102,,,,,103,,,,,103,,,,,104,,,,,105,,,,,105,,,,,106,,,,,106,,,,,106,,,,,106,,,,,106,,,,,106,,,,,105,,,,,105,,,,,105,,,,,105,,,,,105,,,,,105,,,,,106,,,,,106
Cyprus,93.2,,,,,90.9,,,,,92.3,,,,,93.9,,,,,95.8,,,,,101,,,,,105,,,,,106,,,,,107,,,,,106,,,,,105,,,,,108,,,,,102,,,,,103,,,,,104,,,,,106,,,,,107,,,,,108,,,,,109,,,,,108,,,,,107,,,,,106,,,,,107,,,,,107,,,,,107,,,,,107,,,,,107,,,,,107,,,,,107,,,,,107,,,,,107
Czech Republic,97.7,,,,,98.1,,,,,98.6,,,,,100,,,,,99.9,,,,,101,,,,,102,,,,,102,,,,,102,,,,,103,,,,,103,,,,,103,,,,,106,,,,,106,,,,,105,,,,,105,,,,,105,,,,,104,,,,,104,,,,,105,,,,,105,,,,,105,,,,,105,,,,,105,,,,,105,,,,,105,,,,,105,,,,,105,,,,,105,,,,,105,,,,,105
Denmark,99,,,,,99.2,,,,,99.8,,,,,101,,,,,103,,,,,104,,,,,104,,,,,105,,,,,105,,,,,105,,,,,104,,,,,103,,,,,103,,,,,103,,,,,102,,,,,103,,,,,103,,,,,103,,,,,103,,,,,102,,,,,102,,,,,103,,,,,103,,,,,104,,,,,104,,,,,104,,,,,105,,,,,105,,,,,105,,,,,105,,,,,105
Djibouti,98.7,,,,,98.8,,,,,98.9,,,,,99.1,,,,,99.3,,,,,99.3,,,,,103,,,,,104,,,,,103,,,,,102,,,,,102,,,,,102,,,,,102,,,,,101,,,,,101,,,,,101,,,,,101,,,,,101,,,,,101,,,,,100,,,,,100,,,,,100,,,,,100,,,,,99.8,,,,,99.7,,,,,99.7,,,,,99.6,,,,,99.7,,,,,99.8,,,,,99.9,,,,,100
Dominican Republic,102,,,,,101,,,,,101,,,,,100,,,,,99.7,,,,,99.3,,,,,99.2,,,,,99.2,,,,,99.1,,,,,98.9,,,,,98.6,,,,,98.4,,,,,98.5,,,,,98.7,,,,,99,,,,,99.5,,,,,100,,,,,100,,,,,101,,,,,101,,,,,102,,,,,102,,,,,102,,,,,103,,,,,103,,,,,103,,,,,103,,,,,103,,,,,104,,,,,104,,,,,104
Ecuador,99.7,,,,,100,,,,,101,,,,,101,,,,,101,,,,,101,,,,,101,,,,,101,,,,,101,,,,,101,,,,,101,,,,,101,,,,,101,,,,,101,,,,,101,,,,,101,,,,,101,,,,,102,,,,,102,,,,,103,,,,,103,,,,,103,,,,,104,,,,,104,,,,,104,,,,,104,,,,,104,,,,,104,,,,,104,,,,,105,,,,,105
Egypt,102,,,,,102,,,,,102,,,,,103,,,,,104,,,,,104,,,,,103,,,,,102,,,,,101,,,,,102,,,,,102,,,,,103,,,,,103,,,,,103,,,,,103,,,,,104,,,,,103,,,,,103,,,,,104,,,,,104,,,,,104,,,,,104,,,,,104,,,,,104,,,,,104,,,,,104,,,,,105,,,,,105,,,,,105,,,,,105,,,,,105
El Salvador,94.5,,,,,94.6,,,,,95.1,,,,,96.9,,,,,98.3,,,,,97.7,,,,,95.4,,,,,92.9,,,,,91.4,,,,,90,,,,,88.4,,,,,86.7,,,,,86.1,,,,,86.5,,,,,87.2,,,,,88.5,,,,,90.4,,,,,92.6,,,,,94.8,,,,,96.7,,,,,98.2,,,,,99.5,,,,,100,,,,,101,,,,,102,,,,,102,,,,,103,,,,,103,,,,,103,,,,,104,,,,,104
Equatorial Guinea,97.4,,,,,97.1,,,,,96.5,,,,,97.9,,,,,100,,,,,99.7,,,,,99.1,,,,,99,,,,,98.6,,,,,106,,,,,115,,,,,125,,,,,136,,,,,143,,,,,147,,,,,146,,,,,142,,,,,137,,,,,130,,,,,123,,,,,117,,,,,113,,,,,110,,,,,109,,,,,108,,,,,107,,,,,107,,,,,106,,,,,106,,,,,106,,,,,106
Eritrea,97.4,,,,,98.3,,,,,99.2,,,,,100,,,,,100,,,,,100,,,,,100,,,,,101,,,,,100,,,,,100,,,,,99.7,,,,,99.4,,,,,99.1,,,,,99.5,,,,,100,,,,,101,,,,,101,,,,,102,,,,,102,,,,,103,,,,,103,,,,,103,,,,,103,,,,,104,,,,,104,,,,,104,,,,,104,,,,,104,,,,,104,,,,,104,,,,,104
Estonia,75.7,,,,,80.9,,,,,83.8,,,,,90.2,,,,,95.2,,,,,98.5,,,,,99.3,,,,,98.9,,,,,99.3,,,,,96.4,,,,,99.8,,,,,101,,,,,103,,,,,104,,,,,104,,,,,105,,,,,105,,,,,105,,,,,105,,,,,105,,,,,105,,,,,105,,,,,105,,,,,106,,,,,106,,,,,106,,,,,106,,,,,106,,,,,106,,,,,106,,,,,106
Ethiopia,101,,,,,101,,,,,100,,,,,100,,,,,99.8,,,,,99.6,,,,,97.3,,,,,98,,,,,97.9,,,,,96.8,,,,,97.9,,,,,98.5,,,,,99.2,,,,,100,,,,,100,,,,,100,,,,,100,,,,,100,,,,,100,,,,,101,,,,,101,,,,,101,,,,,101,,,,,101,,,,,102,,,,,102,,,,,102,,,,,102,,,,,102,,,,,103,,,,,103
Fiji,108,,,,,103,,,,,104,,,,,102,,,,,102,,,,,100,,,,,100,,,,,100,,,,,102,,,,,103,,,,,104,,,,,104,,,,,105,,,,,105,,,,,106,,,,,106,,,,,105,,,,,106,,,,,105,,,,,106,,,,,105,,,,,105,,,,,105,,,,,105,,,,,106,,,,,106,,,,,106,,,,,106,,,,,106,,,,,106,,,,,106
Finland,93,,,,,94.3,,,,,96.5,,,,,99,,,,,101,,,,,103,,,,,104,,,,,104,,,,,104,,,,,104,,,,,104,,,,,104,,,,,104,,,,,105,,,,,105,,,,,105,,,,,106,,,,,106,,,,,106,,,,,106,,,,,106,,,,,107,,,,,107,,,,,107,,,,,106,,,,,106,,,,,106,,,,,106,,,,,106,,,,,106,,,,,106
France,101,,,,,102,,,,,103,,,,,105,,,,,106,,,,,106,,,,,106,,,,,105,,,,,103,,,,,102,,,,,102,,,,,102,,,,,103,,,,,103,,,,,104,,,,,104,,,,,104,,,,,104,,,,,104,,,,,104,,,,,104,,,,,104,,,,,104,,,,,104,,,,,104,,,,,104,,,,,104,,,,,104,,,,,104,,,,,104,,,,,104
Gabon,97,,,,,97,,,,,97,,,,,94.3,,,,,89.7,,,,,91.7,,,,,93.9,,,,,96,,,,,97.5,,,,,98.7,,,,,101,,,,,103,,,,,110,,,,,111,,,,,109,,,,,107,,,,,104,,,,,103,,,,,102,,,,,101,,,,,101,,,,,101,,,,,101,,,,,102,,,,,102,,,,,102,,,,,102,,,,,102,,,,,102,,,,,102,,,,,102
Gambia,95.5,,,,,96.2,,,,,92.7,,,,,98.7,,,,,105,,,,,98.1,,,,,92,,,,,95.1,,,,,99.2,,,,,96.7,,,,,93.5,,,,,93,,,,,93.2,,,,,94.2,,,,,95.2,,,,,96.3,,,,,97.3,,,,,97.9,,,,,98.3,,,,,98.5,,,,,98.6,,,,,98.6,,,,,98.6,,,,,98.5,,,,,98.4,,,,,98.4,,,,,98.3,,,,,98.3,,,,,98.3,,,,,98.3,,,,,98.3
Georgia,84.8,,,,,85.7,,,,,85.8,,,,,89.1,,,,,92.4,,,,,94.3,,,,,94.3,,,,,94.4,,,,,95.4,,,,,94.8,,,,,93.9,,,,,93.7,,,,,96,,,,,99.4,,,,,101,,,,,102,,,,,104,,,,,105,,,,,106,,,,,107,,,,,107,,,,,106,,,,,105,,,,,105,,,,,105,,,,,105,,,,,106,,,,,106,,,,,106,,,,,106,,,,,106
Germany,82.7,,,,,85,,,,,88.4,,,,,96,,,,,100,,,,,105,,,,,105,,,,,105,,,,,105,,,,,104,,,,,104,,,,,103,,,,,103,,,,,104,,,,,104,,,,,104,,,,,104,,,,,104,,,,,104,,,,,104,,,,,104,,,,,104,,,,,104,,,,,104,,,,,104,,,,,104,,,,,104,,,,,104,,,,,104,,,,,104,,,,,105
Ghana,102,,,,,103,,,,,104,,,,,104,,,,,105,,,,,105,,,,,105,,,,,105,,,,,105,,,,,102,,,,,102,,,,,98.3,,,,,95.9,,,,,97.6,,,,,98.9,,,,,100,,,,,102,,,,,103,,,,,103,,,,,103,,,,,103,,,,,103,,,,,102,,,,,102,,,,,103,,,,,103,,,,,103,,,,,103,,,,,103,,,,,103,,,,,103
Greece,94,,,,,94.9,,,,,95.2,,,,,96.5,,,,,98.8,,,,,99.7,,,,,101,,,,,103,,,,,103,,,,,104,,,,,105,,,,,104,,,,,103,,,,,104,,,,,104,,,,,104,,,,,105,,,,,104,,,,,105,,,,,105,,,,,105,,,,,105,,,,,105,,,,,105,,,,,105,,,,,105,,,,,105,,,,,105,,,,,105,,,,,106,,,,,106
Grenada,78.2,,,,,78.6,,,,,78,,,,,83.1,,,,,86.1,,,,,90.3,,,,,93.6,,,,,96.2,,,,,101,,,,,102,,,,,103,,,,,103,,,,,104,,,,,105,,,,,105,,,,,104,,,,,105,,,,,105,,,,,106,,,,,107,,,,,107,,,,,107,,,,,107,,,,,108,,,,,108,,,,,108,,,,,108,,,,,108,,,,,108,,,,,109,,,,,109
Guatemala,103,,,,,103,,,,,103,,,,,102,,,,,102,,,,,101,,,,,99.1,,,,,96.9,,,,,94.8,,,,,93,,,,,91.8,,,,,92.3,,,,,93.9,,,,,95.7,,,,,97.3,,,,,98.6,,,,,99.7,,,,,101,,,,,101,,,,,102,,,,,102,,,,,103,,,,,103,,,,,103,,,,,104,,,,,104,,,,,104,,,,,104,,,,,104,,,,,105,,,,,105
Guinea,98.9,,,,,97.8,,,,,97.4,,,,,97.4,,,,,97.3,,,,,97.4,,,,,97.7,,,,,98.1,,,,,98.5,,,,,99,,,,,99.7,,,,,101,,,,,101,,,,,101,,,,,102,,,,,102,,,,,102,,,,,102,,,,,102,,,,,101,,,,,101,,,,,101,,,,,101,,,,,101,,,,,101,,,,,101,,,,,101,,,,,101,,,,,101,,,,,102,,,,,102
Guinea-Bissau,98.7,,,,,98.8,,,,,99.1,,,,,99.3,,,,,99,,,,,98.6,,,,,91.4,,,,,92.5,,,,,93.9,,,,,95.1,,,,,95.3,,,,,94.9,,,,,95.5,,,,,96.2,,,,,96.8,,,,,97.4,,,,,98.1,,,,,98.7,,,,,99.1,,,,,99.2,,,,,99.1,,,,,99,,,,,98.9,,,,,98.9,,,,,98.9,,,,,99,,,,,99.1,,,,,99.3,,,,,99.5,,,,,99.7,,,,,100
Guyana,98.8,,,,,98.7,,,,,100,,,,,102,,,,,99.8,,,,,101,,,,,101,,,,,99.7,,,,,96,,,,,94.7,,,,,96.9,,,,,98.8,,,,,99.5,,,,,102,,,,,104,,,,,106,,,,,107,,,,,109,,,,,109,,,,,109,,,,,109,,,,,108,,,,,108,,,,,107,,,,,108,,,,,108,,,,,108,,,,,108,,,,,108,,,,,108,,,,,108
Haiti,93.4,,,,,93.9,,,,,94.7,,,,,94.9,,,,,95,,,,,94.5,,,,,94.3,,,,,94.5,,,,,94.7,,,,,94.8,,,,,95.5,,,,,96.1,,,,,96.5,,,,,97.2,,,,,97.4,,,,,97.7,,,,,97.9,,,,,97.7,,,,,97.5,,,,,97.3,,,,,97.1,,,,,96.9,,,,,96.9,,,,,96.9,,,,,96.9,,,,,97.1,,,,,97.3,,,,,97.6,,,,,97.9,,,,,98.3,,,,,98.6
Honduras,100,,,,,101,,,,,100,,,,,99.6,,,,,98.6,,,,,97.8,,,,,97.2,,,,,96.7,,,,,96.3,,,,,96.3,,,,,96.9,,,,,97.8,,,,,98.8,,,,,99.8,,,,,101,,,,,101,,,,,102,,,,,102,,,,,102,,,,,102,,,,,103,,,,,103,,,,,103,,,,,103,,,,,104,,,,,104,,,,,104,,,,,104,,,,,105,,,,,105,,,,,105
Hungary,93.6,,,,,94.6,,,,,93.8,,,,,96.1,,,,,98.1,,,,,99.5,,,,,100,,,,,100,,,,,101,,,,,101,,,,,101,,,,,101,,,,,102,,,,,103,,,,,103,,,,,103,,,,,104,,,,,104,,,,,104,,,,,105,,,,,105,,,,,105,,,,,105,,,,,105,,,,,105,,,,,105,,,,,105,,,,,105,,,,,105,,,,,105,,,,,105
Iceland,103,,,,,104,,,,,103,,,,,104,,,,,105,,,,,105,,,,,105,,,,,105,,,,,104,,,,,103,,,,,103,,,,,103,,,,,104,,,,,103,,,,,104,,,,,104,,,,,104,,,,,104,,,,,104,,,,,104,,,,,104,,,,,105,,,,,104,,,,,105,,,,,105,,,,,105,,,,,105,,,,,105,,,,,105,,,,,105,,,,,105
India,108,,,,,107,,,,,107,,,,,107,,,,,107,,,,,108,,,,,108,,,,,108,,,,,109,,,,,109,,,,,109,,,,,108,,,,,108,,,,,108,,,,,109,,,,,109,,,,,110,,,,,110,,,,,110,,,,,110,,,,,110,,,,,109,,,,,109,,,,,108,,,,,108,,,,,108,,,,,108,,,,,107,,,,,107,,,,,108,,,,,108
Indonesia,102,,,,,100,,,,,98.7,,,,,97.6,,,,,98,,,,,98.6,,,,,99.2,,,,,99.9,,,,,101,,,,,101,,,,,102,,,,,102,,,,,102,,,,,102,,,,,103,,,,,103,,,,,103,,,,,104,,,,,104,,,,,104,,,,,103,,,,,103,,,,,103,,,,,103,,,,,103,,,,,103,,,,,104,,,,,104,,,,,104,,,,,104,,,,,104
Iran,105,,,,,106,,,,,106,,,,,105,,,,,106,,,,,106,,,,,107,,,,,104,,,,,103,,,,,101,,,,,102,,,,,104,,,,,101,,,,,99.9,,,,,99.2,,,,,98,,,,,99,,,,,102,,,,,104,,,,,105,,,,,104,,,,,104,,,,,104,,,,,105,,,,,105,,,,,105,,,,,105,,,,,105,,,,,105,,,,,105,,,,,105
Iraq,98.9,,,,,99.6,,,,,101,,,,,104,,,,,105,,,,,105,,,,,105,,,,,101,,,,,99.6,,,,,99.5,,,,,99.9,,,,,101,,,,,102,,,,,103,,,,,104,,,,,104,,,,,104,,,,,104,,,,,104,,,,,104,,,,,105,,,,,105,,,,,105,,,,,105,,,,,105,,,,,105,,,,,105,,,,,105,,,,,106,,,,,106,,,,,106
Ireland,105,,,,,104,,,,,101,,,,,102,,,,,102,,,,,104,,,,,104,,,,,103,,,,,101,,,,,101,,,,,101,,,,,102,,,,,100,,,,,98.8,,,,,99.3,,,,,100,,,,,101,,,,,103,,,,,104,,,,,104,,,,,104,,,,,104,,,,,104,,,,,104,,,,,104,,,,,104,,,,,104,,,,,104,,,,,104,,,,,104,,,,,104
Israel,106,,,,,101,,,,,100,,,,,99.6,,,,,101,,,,,99.8,,,,,100,,,,,102,,,,,102,,,,,99.8,,,,,99.3,,,,,99.9,,,,,101,,,,,101,,,,,102,,,,,103,,,,,104,,,,,105,,,,,105,,,,,105,,,,,105,,,,,105,,,,,105,,,,,105,,,,,105,,,,,105,,,,,105,,,,,105,,,,,105,,,,,105,,,,,105
Italy,95.7,,,,,95.6,,,,,96.1,,,,,97.1,,,,,98.3,,,,,99.4,,,,,99.9,,,,,101,,,,,101,,,,,101,,,,,101,,,,,102,,,,,102,,,,,102,,,,,103,,,,,104,,,,,104,,,,,104,,,,,104,,,,,104,,,,,104,,,,,104,,,,,104,,,,,104,,,,,104,,,,,104,,,,,104,,,,,104,,,,,104,,,,,105,,,,,105
Jamaica,94,,,,,93.2,,,,,87.6,,,,,88.2,,,,,91.5,,,,,92.5,,,,,95.9,,,,,98,,,,,97,,,,,96.8,,,,,97.8,,,,,96.1,,,,,98.4,,,,,99.3,,,,,99.2,,,,,99.7,,,,,102,,,,,104,,,,,104,,,,,106,,,,,106,,,,,107,,,,,107,,,,,107,,,,,108,,,,,108,,,,,109,,,,,109,,,,,109,,,,,109,,,,,109
Japan,93.6,,,,,94.3,,,,,95.4,,,,,97.3,,,,,99.5,,,,,102,,,,,103,,,,,103,,,,,103,,,,,104,,,,,104,,,,,104,,,,,104,,,,,104,,,,,104,,,,,105,,,,,105,,,,,105,,,,,105,,,,,105,,,,,105,,,,,105,,,,,105,,,,,105,,,,,105,,,,,105,,,,,105,,,,,105,,,,,105,,,,,105,,,,,105
Jordan,102,,,,,103,,,,,105,,,,,108,,,,,110,,,,,110,,,,,111,,,,,114,,,,,115,,,,,114,,,,,110,,,,,109,,,,,106,,,,,104,,,,,103,,,,,103,,,,,104,,,,,105,,,,,105,,,,,105,,,,,105,,,,,105,,,,,105,,,,,105,,,,,105,,,,,105,,,,,105,,,,,105,,,,,105,,,,,105,,,,,105
Kazakhstan,85.6,,,,,90.8,,,,,92.3,,,,,95.7,,,,,98.1,,,,,100,,,,,100,,,,,99,,,,,100,,,,,98.9,,,,,97,,,,,97.8,,,,,98,,,,,98.6,,,,,99,,,,,99.7,,,,,101,,,,,101,,,,,103,,,,,104,,,,,104,,,,,104,,,,,104,,,,,104,,,,,105,,,,,105,,,,,105,,,,,105,,,,,105,,,,,105,,,,,105
Kenya,108,,,,,107,,,,,104,,,,,102,,,,,99.8,,,,,98.4,,,,,97.8,,,,,97.7,,,,,97.8,,,,,97.7,,,,,97.8,,,,,98.5,,,,,98.9,,,,,99.1,,,,,99.2,,,,,99.2,,,,,99.4,,,,,99.7,,,,,100,,,,,100,,,,,100,,,,,101,,,,,101,,,,,101,,,,,101,,,,,101,,,,,101,,,,,102,,,,,102,,,,,102,,,,,102
Kiribati,97.6,,,,,97.7,,,,,97.2,,,,,96.8,,,,,96.7,,,,,97,,,,,95.9,,,,,97.3,,,,,96.1,,,,,96,,,,,94.1,,,,,95.9,,,,,96.1,,,,,97,,,,,98.5,,,,,99.2,,,,,100,,,,,101,,,,,100,,,,,100,,,,,99.7,,,,,99.1,,,,,99.1,,,,,99.2,,,,,99.4,,,,,99.8,,,,,100,,,,,101,,,,,101,,,,,101,,,,,102
Kuwait,188,,,,,220,,,,,259,,,,,220,,,,,159,,,,,136,,,,,160,,,,,148,,,,,148,,,,,156,,,,,155,,,,,160,,,,,147,,,,,138,,,,,140,,,,,141,,,,,140,,,,,141,,,,,142,,,,,140,,,,,138,,,,,136,,,,,135,,,,,134,,,,,133,,,,,132,,,,,130,,,,,129,,,,,127,,,,,126,,,,,124
Kyrgyz Republic,84.5,,,,,88.5,,,,,91,,,,,92.3,,,,,94.7,,,,,100,,,,,101,,,,,99.8,,,,,100,,,,,99.9,,,,,99.8,,,,,100,,,,,99.8,,,,,101,,,,,101,,,,,102,,,,,102,,,,,103,,,,,104,,,,,104,,,,,105,,,,,105,,,,,105,,,,,105,,,,,106,,,,,106,,,,,106,,,,,106,,,,,106,,,,,106,,,,,106
Lao,97,,,,,97,,,,,96.7,,,,,96,,,,,97,,,,,97.9,,,,,98.6,,,,,99.5,,,,,100,,,,,99.5,,,,,99.4,,,,,97.6,,,,,98.6,,,,,99.4,,,,,100,,,,,101,,,,,102,,,,,103,,,,,103,,,,,103,,,,,104,,,,,104,,,,,104,,,,,104,,,,,104,,,,,104,,,,,104,,,,,105,,,,,105,,,,,105,,,,,105
Latvia,75.9,,,,,79.5,,,,,81.4,,,,,87.5,,,,,93,,,,,97.3,,,,,98,,,,,97.2,,,,,98.8,,,,,96.6,,,,,97.5,,,,,98.4,,,,,99.5,,,,,101,,,,,102,,,,,103,,,,,104,,,,,104,,,,,105,,,,,105,,,,,105,,,,,104,,,,,105,,,,,105,,,,,105,,,,,105,,,,,105,,,,,105,,,,,105,,,,,105,,,,,105
Lebanon,103,,,,,102,,,,,101,,,,,102,,,,,102,,,,,102,,,,,95,,,,,93.1,,,,,91.7,,,,,95.3,,,,,96.6,,,,,107,,,,,105,,,,,97.7,,,,,94.9,,,,,94.4,,,,,95.4,,,,,97.7,,,,,100,,,,,102,,,,,104,,,,,105,,,,,105,,,,,105,,,,,104,,,,,105,,,,,105,,,,,105,,,,,105,,,,,105,,,,,105
Lesotho,90.8,,,,,87.2,,,,,81,,,,,76.2,,,,,76.9,,,,,76,,,,,80,,,,,82.8,,,,,90.8,,,,,93.8,,,,,91.6,,,,,94.2,,,,,96.3,,,,,98.3,,,,,99.5,,,,,99.7,,,,,99.8,,,,,100,,,,,100,,,,,100,,,,,100,,,,,100,,,,,100,,,,,101,,,,,101,,,,,101,,,,,101,,,,,102,,,,,102,,,,,102,,,,,102
Liberia,113,,,,,109,,,,,106,,,,,103,,,,,100,,,,,98.8,,,,,98.3,,,,,98.1,,,,,98.1,,,,,98.3,,,,,99.4,,,,,100,,,,,101,,,,,102,,,,,103,,,,,103,,,,,103,,,,,104,,,,,104,,,,,104,,,,,104,,,,,104,,,,,104,,,,,104,,,,,104,,,,,104,,,,,104,,,,,104,,,,,104,,,,,104,,,,,105
Libya,103,,,,,102,,,,,106,,,,,109,,,,,111,,,,,114,,,,,118,,,,,125,,,,,119,,,,,114,,,,,110,,,,,108,,,,,106,,,,,103,,,,,102,,,,,102,,,,,102,,,,,102,,,,,103,,,,,103,,,,,103,,,,,103,,,,,103,,,,,104,,,,,104,,,,,104,,,,,104,,,,,105,,,,,105,,,,,105,,,,,105
Lithuania,81.9,,,,,83.8,,,,,83.4,,,,,88,,,,,91.4,,,,,95,,,,,97.3,,,,,98.1,,,,,99,,,,,98.7,,,,,98.1,,,,,97.9,,,,,97.9,,,,,99.8,,,,,101,,,,,102,,,,,103,,,,,103,,,,,103,,,,,103,,,,,104,,,,,104,,,,,104,,,,,104,,,,,104,,,,,105,,,,,105,,,,,105,,,,,105,,,,,105,,,,,105
Luxembourg,101,,,,,104,,,,,101,,,,,101,,,,,102,,,,,106,,,,,104,,,,,103,,,,,105,,,,,104,,,,,103,,,,,102,,,,,103,,,,,105,,,,,104,,,,,104,,,,,104,,,,,105,,,,,105,,,,,104,,,,,104,,,,,104,,,,,104,,,,,104,,,,,104,,,,,104,,,,,104,,,,,104,,,,,104,,,,,104,,,,,104
"Macedonia, FYR",103,,,,,103,,,,,102,,,,,101,,,,,102,,,,,103,,,,,104,,,,,104,,,,,103,,,,,104,,,,,104,,,,,104,,,,,104,,,,,105,,,,,105,,,,,105,,,,,105,,,,,105,,,,,105,,,,,105,,,,,105,,,,,105,,,,,105,,,,,105,,,,,105,,,,,105,,,,,105,,,,,105,,,,,105,,,,,106,,,,,106
Madagascar,118,,,,,115,,,,,110,,,,,105,,,,,101,,,,,99.1,,,,,98.1,,,,,97.9,,,,,98.1,,,,,98.7,,,,,99.1,,,,,99.3,,,,,99.4,,,,,99.5,,,,,99.6,,,,,99.7,,,,,99.9,,,,,100,,,,,100,,,,,101,,,,,101,,,,,101,,,,,101,,,,,101,,,,,102,,,,,102,,,,,102,,,,,102,,,,,102,,,,,102,,,,,102
Malawi,92.2,,,,,91.5,,,,,91,,,,,90.8,,,,,91.8,,,,,93.3,,,,,95,,,,,96.5,,,,,95.6,,,,,97.1,,,,,97,,,,,97.7,,,,,98.8,,,,,99.4,,,,,99.5,,,,,99.6,,,,,99.9,,,,,100,,,,,101,,,,,101,,,,,101,,,,,102,,,,,102,,,,,102,,,,,102,,,,,102,,,,,102,,,,,102,,,,,102,,,,,102,,,,,102
Malaysia,109,,,,,105,,,,,103,,,,,100,,,,,100,,,,,99.8,,,,,100,,,,,101,,,,,103,,,,,103,,,,,103,,,,,106,,,,,108,,,,,109,,,,,109,,,,,108,,,,,107,,,,,106,,,,,105,,,,,104,,,,,104,,,,,105,,,,,105,,,,,105,,,,,105,,,,,105,,,,,105,,,,,105,,,,,105,,,,,105,,,,,105
Maldives,140,,,,,130,,,,,124,,,,,117,,,,,102,,,,,111,,,,,108,,,,,105,,,,,98.5,,,,,94,,,,,96.5,,,,,114,,,,,130,,,,,146,,,,,151,,,,,151,,,,,148,,,,,143,,,,,134,,,,,127,,,,,123,,,,,122,,,,,122,,,,,122,,,,,122,,,,,122,,,,,121,,,,,121,,,,,120,,,,,119,,,,,119
Mali,107,,,,,105,,,,,103,,,,,101,,,,,100,,,,,99.1,,,,,98.1,,,,,97.4,,,,,95,,,,,96.2,,,,,97.6,,,,,98.9,,,,,99.9,,,,,99.9,,,,,100,,,,,101,,,,,101,,,,,101,,,,,101,,,,,102,,,,,102,,,,,102,,,,,101,,,,,101,,,,,101,,,,,102,,,,,102,,,,,102,,,,,102,,,,,102,,,,,102
Malta,97.3,,,,,90.4,,,,,90.8,,,,,88.2,,,,,90.7,,,,,91.8,,,,,92.7,,,,,99.7,,,,,102,,,,,103,,,,,105,,,,,104,,,,,105,,,,,107,,,,,107,,,,,107,,,,,107,,,,,107,,,,,106,,,,,106,,,,,105,,,,,106,,,,,105,,,,,105,,,,,105,,,,,105,,,,,105,,,,,105,,,,,105,,,,,105,,,,,105
Mauritania,95.7,,,,,95.1,,,,,94.9,,,,,94.5,,,,,96,,,,,96.9,,,,,97.9,,,,,98.6,,,,,99.3,,,,,99.8,,,,,101,,,,,102,,,,,102,,,,,103,,,,,103,,,,,103,,,,,103,,,,,103,,,,,103,,,,,103,,,,,102,,,,,102,,,,,102,,,,,102,,,,,102,,,,,102,,,,,101,,,,,101,,,,,101,,,,,101,,,,,101
Mauritius,99.2,,,,,98.6,,,,,98.6,,,,,99.4,,,,,100,,,,,97.4,,,,,98.2,,,,,100,,,,,103,,,,,103,,,,,101,,,,,101,,,,,102,,,,,102,,,,,102,,,,,101,,,,,101,,,,,101,,,,,102,,,,,102,,,,,103,,,,,103,,,,,103,,,,,103,,,,,103,,,,,104,,,,,104,,,,,104,,,,,104,,,,,104,,,,,104
Mexico,95.1,,,,,96,,,,,97.3,,,,,98.7,,,,,99.2,,,,,99.4,,,,,99.7,,,,,99.6,,,,,99.1,,,,,98.3,,,,,98.3,,,,,98.8,,,,,99.4,,,,,99.9,,,,,101,,,,,101,,,,,102,,,,,102,,,,,103,,,,,103,,,,,103,,,,,104,,,,,104,,,,,104,,,,,104,,,,,104,,,,,104,,,,,105,,,,,105,,,,,105,,,,,105
"Micronesia, Fed. Sts.",107,,,,,107,,,,,107,,,,,107,,,,,107,,,,,105,,,,,101,,,,,103,,,,,104,,,,,104,,,,,101,,,,,103,,,,,106,,,,,107,,,,,109,,,,,111,,,,,110,,,,,109,,,,,107,,,,,107,,,,,106,,,,,106,,,,,105,,,,,105,,,,,105,,,,,105,,,,,105,,,,,105,,,,,105,,,,,105,,,,,105
Moldova,88.3,,,,,87.5,,,,,86.2,,,,,85.6,,,,,86,,,,,90.3,,,,,93.1,,,,,93.9,,,,,95,,,,,95.7,,,,,96.4,,,,,97.6,,,,,99.4,,,,,101,,,,,102,,,,,102,,,,,103,,,,,103,,,,,104,,,,,104,,,,,105,,,,,105,,,,,105,,,,,105,,,,,105,,,,,105,,,,,105,,,,,105,,,,,106,,,,,106,,,,,106
Mongolia,100,,,,,100,,,,,101,,,,,99.8,,,,,99,,,,,98,,,,,97.7,,,,,97.6,,,,,97.6,,,,,97.8,,,,,100,,,,,100,,,,,100,,,,,101,,,,,101,,,,,101,,,,,101,,,,,102,,,,,102,,,,,103,,,,,103,,,,,103,,,,,103,,,,,104,,,,,104,,,,,104,,,,,104,,,,,104,,,,,104,,,,,104,,,,,104
Montenegro,87.1,,,,,90.7,,,,,93.4,,,,,96.6,,,,,96.5,,,,,99.3,,,,,101,,,,,103,,,,,103,,,,,104,,,,,102,,,,,100,,,,,101,,,,,102,,,,,103,,,,,105,,,,,106,,,,,107,,,,,107,,,,,107,,,,,106,,,,,106,,,,,106,,,,,105,,,,,105,,,,,105,,,,,105,,,,,105,,,,,105,,,,,105,,,,,105
Morocco,98.8,,,,,98.8,,,,,98.4,,,,,93.4,,,,,93.6,,,,,95.2,,,,,96.9,,,,,98.5,,,,,99.6,,,,,99.6,,,,,98.2,,,,,95.3,,,,,94.5,,,,,95.5,,,,,97,,,,,98.8,,,,,101,,,,,102,,,,,103,,,,,103,,,,,103,,,,,103,,,,,103,,,,,103,,,,,103,,,,,103,,,,,103,,,,,103,,,,,104,,,,,104,,,,,104
Mozambique,96.1,,,,,95.6,,,,,95.3,,,,,95.2,,,,,95.2,,,,,95.4,,,,,94.9,,,,,93.6,,,,,86.5,,,,,86.8,,,,,88,,,,,90.1,,,,,91.9,,,,,93.6,,,,,95.5,,,,,97,,,,,97.8,,,,,98.2,,,,,98.4,,,,,98.6,,,,,98.8,,,,,99,,,,,99.2,,,,,99.4,,,,,99.7,,,,,100,,,,,100,,,,,101,,,,,101,,,,,101,,,,,101
Myanmar,100,,,,,98.7,,,,,98.2,,,,,97.6,,,,,96.2,,,,,95.5,,,,,95.3,,,,,95.4,,,,,95.9,,,,,96.1,,,,,95.4,,,,,96,,,,,96.2,,,,,97.1,,,,,97.7,,,,,98.2,,,,,98.5,,,,,98.4,,,,,98.6,,,,,98.6,,,,,98.6,,,,,98.6,,,,,98.6,,,,,98.6,,,,,98.7,,,,,98.8,,,,,99,,,,,99.2,,,,,99.4,,,,,99.6,,,,,99.9
Namibia,98.3,,,,,99.2,,,,,100,,,,,101,,,,,100,,,,,99.1,,,,,93.2,,,,,90.9,,,,,93.2,,,,,94.4,,,,,95.5,,,,,94.4,,,,,93.9,,,,,95.3,,,,,96.1,,,,,96.9,,,,,97.9,,,,,98.9,,,,,99.6,,,,,100,,,,,101,,,,,101,,,,,101,,,,,102,,,,,102,,,,,102,,,,,102,,,,,102,,,,,102,,,,,103,,,,,103
Nepal,95.6,,,,,95.9,,,,,97.9,,,,,98.5,,,,,98.6,,,,,100,,,,,102,,,,,101,,,,,98.2,,,,,105,,,,,97.6,,,,,94.1,,,,,88,,,,,88.3,,,,,90.9,,,,,93.3,,,,,96.5,,,,,100,,,,,104,,,,,107,,,,,108,,,,,109,,,,,109,,,,,109,,,,,110,,,,,110,,,,,110,,,,,110,,,,,110,,,,,110,,,,,110
Netherlands,98.7,,,,,98.8,,,,,99.9,,,,,102,,,,,104,,,,,105,,,,,105,,,,,105,,,,,105,,,,,104,,,,,103,,,,,103,,,,,103,,,,,102,,,,,103,,,,,103,,,,,104,,,,,104,,,,,105,,,,,105,,,,,105,,,,,105,,,,,104,,,,,104,,,,,104,,,,,104,,,,,104,,,,,104,,,,,104,,,,,104,,,,,105
New Zealand,102,,,,,103,,,,,104,,,,,104,,,,,104,,,,,103,,,,,102,,,,,101,,,,,98.9,,,,,98.4,,,,,96.7,,,,,95.8,,,,,96.6,,,,,97.5,,,,,98.4,,,,,99.8,,,,,101,,,,,102,,,,,102,,,,,101,,,,,101,,,,,101,,,,,101,,,,,101,,,,,101,,,,,102,,,,,102,,,,,102,,,,,102,,,,,102,,,,,103
Nicaragua,94.9,,,,,96.2,,,,,98.1,,,,,99.7,,,,,100,,,,,101,,,,,101,,,,,99.1,,,,,96.5,,,,,95.8,,,,,95.8,,,,,96,,,,,96.3,,,,,97.5,,,,,98.9,,,,,100,,,,,102,,,,,103,,,,,104,,,,,104,,,,,105,,,,,105,,,,,105,,,,,105,,,,,105,,,,,105,,,,,105,,,,,106,,,,,106,,,,,106,,,,,106
Niger,84.2,,,,,84.3,,,,,83,,,,,81.7,,,,,86.1,,,,,89.2,,,,,91.1,,,,,89.1,,,,,88.5,,,,,91.8,,,,,95.2,,,,,94.9,,,,,94.2,,,,,93.8,,,,,96.1,,,,,98,,,,,99.3,,,,,101,,,,,102,,,,,103,,,,,103,,,,,103,,,,,103,,,,,103,,,,,103,,,,,103,,,,,103,,,,,103,,,,,103,,,,,103,,,,,103
Nigeria,100,,,,,101,,,,,101,,,,,101,,,,,101,,,,,101,,,,,102,,,,,101,,,,,101,,,,,101,,,,,102,,,,,102,,,,,102,,,,,103,,,,,103,,,,,103,,,,,103,,,,,104,,,,,104,,,,,104,,,,,104,,,,,103,,,,,103,,,,,103,,,,,103,,,,,103,,,,,103,,,,,103,,,,,103,,,,,103,,,,,104
North Korea,80.6,,,,,79.3,,,,,83.2,,,,,84.8,,,,,86.5,,,,,90.9,,,,,94.8,,,,,98.1,,,,,99.8,,,,,101,,,,,101,,,,,102,,,,,102,,,,,103,,,,,103,,,,,103,,,,,103,,,,,104,,,,,104,,,,,104,,,,,104,,,,,104,,,,,104,,,,,105,,,,,105,,,,,105,,,,,105,,,,,105,,,,,105,,,,,105,,,,,105
Norway,101,,,,,102,,,,,103,,,,,103,,,,,104,,,,,105,,,,,105,,,,,105,,,,,105,,,,,105,,,,,104,,,,,103,,,,,105,,,,,106,,,,,106,,,,,106,,,,,107,,,,,107,,,,,107,,,,,108,,,,,108,,,,,108,,,,,108,,,,,108,,,,,108,,,,,108,,,,,108,,,,,107,,,,,107,,,,,107,,,,,107
Oman,103,,,,,97.1,,,,,92.8,,,,,90.2,,,,,91.1,,,,,104,,,,,127,,,,,142,,,,,159,,,,,193,,,,,149,,,,,145,,,,,177,,,,,230,,,,,255,,,,,241,,,,,228,,,,,213,,,,,200,,,,,187,,,,,173,,,,,163,,,,,153,,,,,145,,,,,140,,,,,137,,,,,136,,,,,135,,,,,133,,,,,132,,,,,130
Pakistan,127,,,,,124,,,,,121,,,,,118,,,,,114,,,,,112,,,,,109,,,,,108,,,,,107,,,,,106,,,,,106,,,,,105,,,,,105,,,,,105,,,,,105,,,,,105,,,,,106,,,,,106,,,,,106,,,,,106,,,,,106,,,,,106,,,,,106,,,,,106,,,,,106,,,,,106,,,,,106,,,,,105,,,,,106,,,,,106,,,,,106
Palestine,102,,,,,102,,,,,102,,,,,105,,,,,104,,,,,104,,,,,104,,,,,103,,,,,103,,,,,103,,,,,102,,,,,103,,,,,103,,,,,103,,,,,103,,,,,104,,,,,104,,,,,104,,,,,104,,,,,104,,,,,104,,,,,104,,,,,105,,,,,105,,,,,105,,,,,105,,,,,105,,,,,105,,,,,105,,,,,105,,,,,105
Panama,106,,,,,105,,,,,105,,,,,104,,,,,103,,,,,103,,,,,102,,,,,102,,,,,102,,,,,102,,,,,102,,,,,102,,,,,102,,,,,102,,,,,101,,,,,101,,,,,102,,,,,102,,,,,102,,,,,102,,,,,103,,,,,103,,,,,103,,,,,104,,,,,104,,,,,104,,,,,104,,,,,104,,,,,104,,,,,104,,,,,104
Papua New Guinea,114,,,,,112,,,,,111,,,,,109,,,,,107,,,,,106,,,,,105,,,,,104,,,,,104,,,,,104,,,,,104,,,,,104,,,,,105,,,,,105,,,,,105,,,,,105,,,,,105,,,,,105,,,,,105,,,,,105,,,,,105,,,,,105,,,,,105,,,,,105,,,,,105,,,,,105,,,,,105,,,,,106,,,,,106,,,,,106,,,,,106
Paraguay,93.5,,,,,93.1,,,,,93.4,,,,,95.4,,,,,98.4,,,,,101,,,,,103,,,,,104,,,,,103,,,,,103,,,,,103,,,,,103,,,,,104,,,,,104,,,,,104,,,,,103,,,,,103,,,,,103,,,,,103,,,,,103,,,,,103,,,,,103,,,,,103,,,,,103,,,,,103,,,,,104,,,,,104,,,,,105,,,,,105,,,,,106,,,,,106
Peru,102,,,,,102,,,,,102,,,,,102,,,,,102,,,,,101,,,,,99.8,,,,,99.4,,,,,99.3,,,,,99.5,,,,,99.5,,,,,100,,,,,101,,,,,102,,,,,102,,,,,103,,,,,103,,,,,103,,,,,103,,,,,104,,,,,104,,,,,104,,,,,104,,,,,104,,,,,104,,,,,105,,,,,105,,,,,105,,,,,105,,,,,105,,,,,105
Philippines,99.6,,,,,99.6,,,,,100,,,,,102,,,,,103,,,,,104,,,,,104,,,,,104,,,,,103,,,,,103,,,,,102,,,,,102,,,,,103,,,,,103,,,,,103,,,,,103,,,,,103,,,,,103,,,,,103,,,,,104,,,,,104,,,,,103,,,,,104,,,,,104,,,,,104,,,,,104,,,,,104,,,,,104,,,,,104,,,,,105,,,,,105
Poland,91.2,,,,,92.6,,,,,94.6,,,,,96.7,,,,,98.6,,,,,101,,,,,101,,,,,102,,,,,102,,,,,102,,,,,102,,,,,102,,,,,103,,,,,103,,,,,103,,,,,103,,,,,104,,,,,104,,,,,104,,,,,105,,,,,105,,,,,105,,,,,105,,,,,105,,,,,105,,,,,105,,,,,105,,,,,105,,,,,105,,,,,105,,,,,105
Portugal,94.6,,,,,94.7,,,,,92.9,,,,,92.3,,,,,90.4,,,,,93,,,,,95.7,,,,,96.8,,,,,97.4,,,,,98.4,,,,,99.1,,,,,100,,,,,97.5,,,,,95.1,,,,,96.1,,,,,97.8,,,,,100,,,,,102,,,,,104,,,,,106,,,,,107,,,,,107,,,,,108,,,,,108,,,,,108,,,,,108,,,,,108,,,,,108,,,,,108,,,,,108,,,,,107
Qatar,104,,,,,138,,,,,160,,,,,212,,,,,258,,,,,298,,,,,224,,,,,277,,,,,273,,,,,248,,,,,227,,,,,245,,,,,399,,,,,382,,,,,361,,,,,330,,,,,304,,,,,297,,,,,289,,,,,275,,,,,258,,,,,244,,,,,231,,,,,224,,,,,218,,,,,213,,,,,207,,,,,201,,,,,195,,,,,188,,,,,182
Romania,95.4,,,,,95.1,,,,,95.7,,,,,97.7,,,,,99.7,,,,,101,,,,,101,,,,,102,,,,,103,,,,,103,,,,,103,,,,,103,,,,,104,,,,,104,,,,,104,,,,,104,,,,,105,,,,,105,,,,,105,,,,,105,,,,,105,,,,,105,,,,,105,,,,,105,,,,,105,,,,,106,,,,,106,,,,,106,,,,,106,,,,,106,,,,,106
Russia,72.7,,,,,80.1,,,,,84,,,,,89.7,,,,,94.4,,,,,98.5,,,,,100,,,,,99.6,,,,,101,,,,,99.9,,,,,98.7,,,,,98,,,,,98.1,,,,,99.1,,,,,99.3,,,,,99.6,,,,,101,,,,,102,,,,,103,,,,,103,,,,,103,,,,,103,,,,,103,,,,,104,,,,,104,,,,,104,,,,,104,,,,,104,,,,,104,,,,,105,,,,,105
Rwanda,94.9,,,,,96.3,,,,,97.8,,,,,99.2,,,,,99,,,,,98.4,,,,,97.7,,,,,97.2,,,,,96.9,,,,,95.4,,,,,94.6,,,,,95.8,,,,,95.1,,,,,94.7,,,,,94.6,,,,,95.2,,,,,95.9,,,,,97,,,,,97.2,,,,,97.9,,,,,98.3,,,,,98.8,,,,,99.3,,,,,99.7,,,,,100,,,,,100,,,,,101,,,,,101,,,,,101,,,,,101,,,,,101
Samoa,100,,,,,104,,,,,102,,,,,101,,,,,102,,,,,99.3,,,,,99.7,,,,,106,,,,,109,,,,,111,,,,,112,,,,,110,,,,,109,,,,,111,,,,,111,,,,,111,,,,,112,,,,,113,,,,,113,,,,,113,,,,,112,,,,,112,,,,,112,,,,,112,,,,,112,,,,,112,,,,,112,,,,,112,,,,,111,,,,,111,,,,,111
Sao Tome and Principe,149,,,,,149,,,,,150,,,,,123,,,,,101,,,,,97.3,,,,,94.1,,,,,94.9,,,,,95.4,,,,,97.3,,,,,98.5,,,,,99.4,,,,,101,,,,,101,,,,,101,,,,,100,,,,,100,,,,,100,,,,,99.8,,,,,99.6,,,,,99.4,,,,,99.3,,,,,99.2,,,,,99.1,,,,,99.1,,,,,99.1,,,,,99.1,,,,,99.2,,,,,99.4,,,,,99.5,,,,,99.7
Saudi Arabia,104,,,,,104,,,,,103,,,,,105,,,,,108,,,,,117,,,,,134,,,,,144,,,,,157,,,,,146,,,,,135,,,,,141,,,,,139,,,,,138,,,,,142,,,,,135,,,,,132,,,,,131,,,,,129,,,,,127,,,,,123,,,,,120,,,,,117,,,,,115,,,,,115,,,,,114,,,,,114,,,,,114,,,,,113,,,,,113,,,,,112
Senegal,95.7,,,,,97.4,,,,,99.2,,,,,101,,,,,103,,,,,104,,,,,101,,,,,98.9,,,,,97.8,,,,,97.1,,,,,94.5,,,,,93.9,,,,,93.8,,,,,95.1,,,,,96.4,,,,,97.6,,,,,98.5,,,,,99.2,,,,,99.7,,,,,100,,,,,100,,,,,101,,,,,101,,,,,101,,,,,101,,,,,102,,,,,102,,,,,102,,,,,102,,,,,102,,,,,102
Serbia,97,,,,,96.9,,,,,96.9,,,,,98.6,,,,,99.7,,,,,101,,,,,102,,,,,102,,,,,102,,,,,102,,,,,101,,,,,101,,,,,102,,,,,103,,,,,104,,,,,104,,,,,105,,,,,105,,,,,105,,,,,105,,,,,105,,,,,105,,,,,105,,,,,105,,,,,105,,,,,105,,,,,105,,,,,106,,,,,106,,,,,106,,,,,106
Seychelles,91.4,,,,,91.5,,,,,93,,,,,97.9,,,,,103,,,,,107,,,,,107,,,,,106,,,,,104,,,,,105,,,,,102,,,,,102,,,,,114,,,,,102,,,,,102,,,,,102,,,,,103,,,,,104,,,,,104,,,,,103,,,,,104,,,,,105,,,,,105,,,,,106,,,,,106,,,,,106,,,,,106,,,,,106,,,,,106,,,,,106,,,,,106
Sierra Leone,96.8,,,,,97.8,,,,,98.9,,,,,99.4,,,,,98.2,,,,,97.9,,,,,97.3,,,,,96.9,,,,,96.8,,,,,96.6,,,,,96.7,,,,,96.9,,,,,97.1,,,,,97.3,,,,,97.7,,,,,97.9,,,,,98.1,,,,,98.3,,,,,98.5,,,,,98.7,,,,,98.9,,,,,98.9,,,,,98.9,,,,,98.7,,,,,98.6,,,,,98.4,,,,,98.2,,,,,98.1,,,,,98,,,,,97.9,,,,,97.8
Singapore,117,,,,,120,,,,,118,,,,,109,,,,,106,,,,,105,,,,,105,,,,,105,,,,,101,,,,,102,,,,,99.9,,,,,98.6,,,,,97.5,,,,,97.8,,,,,98.5,,,,,99.4,,,,,101,,,,,103,,,,,104,,,,,104,,,,,105,,,,,105,,,,,105,,,,,105,,,,,105,,,,,105,,,,,106,,,,,106,,,,,106,,,,,106,,,,,106
Slovak Republic,95.6,,,,,97.3,,,,,98.6,,,,,99.1,,,,,99,,,,,99.8,,,,,101,,,,,101,,,,,101,,,,,102,,,,,102,,,,,102,,,,,103,,,,,104,,,,,104,,,,,104,,,,,104,,,,,104,,,,,104,,,,,104,,,,,104,,,,,104,,,,,104,,,,,104,,,,,104,,,,,105,,,,,105,,,,,105,,,,,105,,,,,105,,,,,105
Slovenia,90,,,,,91.3,,,,,92.8,,,,,94.9,,,,,100,,,,,103,,,,,102,,,,,104,,,,,103,,,,,103,,,,,105,,,,,104,,,,,108,,,,,108,,,,,108,,,,,107,,,,,106,,,,,105,,,,,105,,,,,105,,,,,105,,,,,105,,,,,105,,,,,105,,,,,105,,,,,105,,,,,105,,,,,105,,,,,105,,,,,105,,,,,105
Solomon Islands,123,,,,,117,,,,,111,,,,,108,,,,,109,,,,,104,,,,,103,,,,,103,,,,,103,,,,,104,,,,,106,,,,,102,,,,,99.7,,,,,101,,,,,102,,,,,103,,,,,105,,,,,106,,,,,107,,,,,106,,,,,106,,,,,106,,,,,105,,,,,105,,,,,105,,,,,105,,,,,105,,,,,105,,,,,105,,,,,105,,,,,105
Somalia,101,,,,,100,,,,,99.5,,,,,99.2,,,,,98.5,,,,,98.1,,,,,109,,,,,106,,,,,104,,,,,102,,,,,101,,,,,99.7,,,,,98.1,,,,,97.4,,,,,97.8,,,,,98.4,,,,,98.9,,,,,99.3,,,,,99.6,,,,,99.8,,,,,99.8,,,,,99.8,,,,,99.7,,,,,99.6,,,,,99.6,,,,,99.6,,,,,99.7,,,,,99.8,,,,,99.9,,,,,100,,,,,100
South Africa,106,,,,,104,,,,,103,,,,,102,,,,,102,,,,,101,,,,,100,,,,,99.6,,,,,98.2,,,,,96.8,,,,,97.4,,,,,98.5,,,,,99.8,,,,,101,,,,,101,,,,,102,,,,,101,,,,,101,,,,,101,,,,,101,,,,,101,,,,,102,,,,,102,,,,,102,,,,,103,,,,,103,,,,,103,,,,,103,,,,,103,,,,,103,,,,,103
South Korea,94.2,,,,,96.8,,,,,99.1,,,,,101,,,,,101,,,,,102,,,,,104,,,,,105,,,,,105,,,,,105,,,,,104,,,,,105,,,,,106,,,,,107,,,,,108,,,,,109,,,,,109,,,,,109,,,,,108,,,,,107,,,,,107,,,,,106,,,,,106,,,,,106,,,,,106,,,,,106,,,,,106,,,,,106,,,,,107,,,,,107,,,,,107
South Sudan,104,,,,,103,,,,,102,,,,,102,,,,,100,,,,,99.2,,,,,98.7,,,,,98.6,,,,,98.5,,,,,98.5,,,,,98.7,,,,,99.3,,,,,99.9,,,,,100,,,,,101,,,,,101,,,,,101,,,,,102,,,,,102,,,,,102,,,,,102,,,,,102,,,,,102,,,,,102,,,,,102,,,,,102,,,,,102,,,,,102,,,,,102,,,,,102,,,,,102
Spain,92.9,,,,,94.6,,,,,96.2,,,,,97.7,,,,,98.7,,,,,100,,,,,101,,,,,102,,,,,102,,,,,102,,,,,103,,,,,105,,,,,105,,,,,103,,,,,103,,,,,102,,,,,102,,,,,102,,,,,102,,,,,102,,,,,101,,,,,101,,,,,101,,,,,101,,,,,101,,,,,101,,,,,102,,,,,102,,,,,102,,,,,102,,,,,102
Sri Lanka,123,,,,,118,,,,,114,,,,,110,,,,,107,,,,,104,,,,,103,,,,,102,,,,,101,,,,,101,,,,,99.2,,,,,97.4,,,,,96.2,,,,,93.6,,,,,92.2,,,,,91.5,,,,,91.5,,,,,92.6,,,,,94,,,,,94.9,,,,,95.2,,,,,95.8,,,,,96.3,,,,,96.5,,,,,96.5,,,,,96.7,,,,,96.8,,,,,97,,,,,97.2,,,,,97.3,,,,,97.6
St. Lucia,98.4,,,,,103,,,,,87.6,,,,,85.2,,,,,83,,,,,87.6,,,,,92.5,,,,,94.6,,,,,96.6,,,,,96.3,,,,,95.9,,,,,95.3,,,,,96.7,,,,,96.8,,,,,97.2,,,,,98.3,,,,,98.9,,,,,100,,,,,101,,,,,101,,,,,102,,,,,102,,,,,102,,,,,102,,,,,103,,,,,103,,,,,103,,,,,103,,,,,103,,,,,103,,,,,103
St. Vincent and the Grenadines,81.8,,,,,81.3,,,,,81.2,,,,,80.3,,,,,82.9,,,,,86.4,,,,,92,,,,,95.8,,,,,102,,,,,104,,,,,105,,,,,105,,,,,105,,,,,103,,,,,102,,,,,102,,,,,101,,,,,102,,,,,102,,,,,102,,,,,102,,,,,102,,,,,102,,,,,102,,,,,102,,,,,102,,,,,103,,,,,103,,,,,103,,,,,103,,,,,103
Sudan,100,,,,,100,,,,,100,,,,,99.8,,,,,99.8,,,,,99.8,,,,,100,,,,,100,,,,,101,,,,,101,,,,,101,,,,,100,,,,,98.2,,,,,98.8,,,,,99.4,,,,,100,,,,,101,,,,,101,,,,,102,,,,,101,,,,,101,,,,,101,,,,,101,,,,,101,,,,,101,,,,,102,,,,,102,,,,,102,,,,,102,,,,,102,,,,,102
Suriname,98,,,,,102,,,,,96.7,,,,,96.2,,,,,97.3,,,,,98.9,,,,,102,,,,,105,,,,,105,,,,,105,,,,,103,,,,,104,,,,,103,,,,,103,,,,,103,,,,,104,,,,,104,,,,,105,,,,,105,,,,,105,,,,,105,,,,,105,,,,,105,,,,,104,,,,,104,,,,,104,,,,,104,,,,,105,,,,,105,,,,,105,,,,,105
Swaziland,95.2,,,,,93.3,,,,,92.6,,,,,87,,,,,83.9,,,,,83.7,,,,,83.1,,,,,80.1,,,,,78.4,,,,,84.5,,,,,87.1,,,,,91.5,,,,,93.8,,,,,94.9,,,,,95.2,,,,,95.3,,,,,95.6,,,,,95.9,,,,,95.9,,,,,96.1,,,,,96.5,,,,,96.9,,,,,97.4,,,,,97.8,,,,,98.1,,,,,98.5,,,,,98.9,,,,,99.2,,,,,99.5,,,,,99.8,,,,,100
Sweden,101,,,,,102,,,,,102,,,,,103,,,,,104,,,,,104,,,,,105,,,,,105,,,,,105,,,,,104,,,,,104,,,,,104,,,,,104,,,,,104,,,,,104,,,,,104,,,,,104,,,,,104,,,,,104,,,,,104,,,,,104,,,,,104,,,,,104,,,,,104,,,,,105,,,,,105,,,,,105,,,,,105,,,,,105,,,,,105,,,,,105
Switzerland,94.6,,,,,95.5,,,,,96.8,,,,,99.4,,,,,101,,,,,100,,,,,101,,,,,102,,,,,103,,,,,102,,,,,101,,,,,101,,,,,102,,,,,102,,,,,102,,,,,102,,,,,102,,,,,102,,,,,102,,,,,102,,,,,102,,,,,102,,,,,102,,,,,102,,,,,102,,,,,102,,,,,103,,,,,103,,,,,103,,,,,103,,,,,103
Syria,107,,,,,105,,,,,105,,,,,105,,,,,104,,,,,102,,,,,101,,,,,101,,,,,102,,,,,102,,,,,102,,,,,103,,,,,101,,,,,104,,,,,104,,,,,102,,,,,103,,,,,104,,,,,104,,,,,104,,,,,104,,,,,104,,,,,105,,,,,105,,,,,104,,,,,104,,,,,104,,,,,105,,,,,105,,,,,105,,,,,105
Tajikistan,87.9,,,,,90.8,,,,,94.2,,,,,95.1,,,,,97.7,,,,,100,,,,,98.9,,,,,99.5,,,,,98.4,,,,,98.4,,,,,98.1,,,,,99.1,,,,,100,,,,,101,,,,,101,,,,,101,,,,,101,,,,,102,,,,,102,,,,,103,,,,,103,,,,,103,,,,,103,,,,,104,,,,,104,,,,,104,,,,,104,,,,,105,,,,,105,,,,,105,,,,,105
Tanzania,95.3,,,,,95.3,,,,,95.4,,,,,95.4,,,,,95.9,,,,,96.4,,,,,96.9,,,,,97.3,,,,,97.4,,,,,97.5,,,,,97.9,,,,,97.4,,,,,96.5,,,,,96.9,,,,,96.8,,,,,97.3,,,,,98,,,,,98.7,,,,,99.3,,,,,99.8,,,,,99.9,,,,,100,,,,,101,,,,,101,,,,,101,,,,,101,,,,,101,,,,,102,,,,,102,,,,,102,,,,,102
Thailand,101,,,,,101,,,,,102,,,,,101,,,,,101,,,,,100,,,,,100,,,,,99,,,,,97.7,,,,,99.2,,,,,97.6,,,,,97.2,,,,,97.3,,,,,97.8,,,,,98.6,,,,,99.8,,,,,101,,,,,101,,,,,102,,,,,103,,,,,103,,,,,104,,,,,104,,,,,104,,,,,105,,,,,105,,,,,105,,,,,105,,,,,105,,,,,105,,,,,106
Timor-Leste,108,,,,,108,,,,,106,,,,,105,,,,,104,,,,,104,,,,,104,,,,,104,,,,,104,,,,,103,,,,,104,,,,,104,,,,,104,,,,,104,,,,,104,,,,,104,,,,,104,,,,,104,,,,,104,,,,,104,,,,,104,,,,,104,,,,,104,,,,,104,,,,,104,,,,,104,,,,,104,,,,,104,,,,,104,,,,,104,,,,,105
Togo,95.9,,,,,96.3,,,,,97.1,,,,,97.7,,,,,98.1,,,,,98.4,,,,,98.5,,,,,98.5,,,,,97.6,,,,,98.2,,,,,98.8,,,,,99.3,,,,,99.7,,,,,100,,,,,100,,,,,101,,,,,101,,,,,101,,,,,101,,,,,101,,,,,100,,,,,100,,,,,99.9,,,,,99.7,,,,,99.5,,,,,99.3,,,,,99.1,,,,,98.9,,,,,98.8,,,,,98.7,,,,,98.7
Tonga,103,,,,,102,,,,,101,,,,,103,,,,,104,,,,,103,,,,,102,,,,,101,,,,,103,,,,,102,,,,,106,,,,,101,,,,,99.6,,,,,102,,,,,105,,,,,106,,,,,108,,,,,109,,,,,109,,,,,109,,,,,108,,,,,108,,,,,107,,,,,107,,,,,108,,,,,108,,,,,107,,,,,107,,,,,107,,,,,107,,,,,107
Trinidad and Tobago,102,,,,,100,,,,,99.1,,,,,97.1,,,,,96.1,,,,,97,,,,,98.8,,,,,99.5,,,,,101,,,,,101,,,,,101,,,,,100,,,,,100,,,,,100,,,,,100,,,,,100,,,,,100,,,,,101,,,,,101,,,,,101,,,,,101,,,,,101,,,,,102,,,,,102,,,,,102,,,,,102,,,,,102,,,,,103,,,,,103,,,,,103,,,,,103
Tunisia,100,,,,,99.6,,,,,99.1,,,,,98.2,,,,,96.8,,,,,97.4,,,,,98.5,,,,,99.1,,,,,100,,,,,100,,,,,99.5,,,,,98.1,,,,,97.7,,,,,96.9,,,,,98.3,,,,,99.5,,,,,101,,,,,103,,,,,104,,,,,105,,,,,105,,,,,105,,,,,105,,,,,105,,,,,105,,,,,105,,,,,105,,,,,105,,,,,105,,,,,105,,,,,105
Turkey,103,,,,,105,,,,,105,,,,,104,,,,,102,,,,,101,,,,,99.4,,,,,97.1,,,,,95.8,,,,,95.8,,,,,96.4,,,,,97.6,,,,,98.7,,,,,99.6,,,,,101,,,,,101,,,,,102,,,,,102,,,,,103,,,,,103,,,,,103,,,,,103,,,,,103,,,,,103,,,,,103,,,,,104,,,,,104,,,,,104,,,,,104,,,,,104,,,,,104
Turkmenistan,88.5,,,,,91.2,,,,,93.9,,,,,97.9,,,,,99.8,,,,,100,,,,,98.9,,,,,97.4,,,,,97.2,,,,,97.4,,,,,97.5,,,,,97.7,,,,,98.4,,,,,99.4,,,,,99.5,,,,,99.8,,,,,100,,,,,101,,,,,101,,,,,101,,,,,101,,,,,101,,,,,101,,,,,101,,,,,102,,,,,102,,,,,102,,,,,102,,,,,102,,,,,103,,,,,103
Uganda,99.3,,,,,99.2,,,,,99.3,,,,,99.2,,,,,98.9,,,,,98.8,,,,,98.8,,,,,98.9,,,,,98.1,,,,,97,,,,,97,,,,,98,,,,,99.1,,,,,99.4,,,,,99.5,,,,,99.6,,,,,99.7,,,,,99.7,,,,,99.7,,,,,99.8,,,,,99.8,,,,,100,,,,,100,,,,,100,,,,,101,,,,,101,,,,,101,,,,,101,,,,,101,,,,,102,,,,,102
Ukraine,72.7,,,,,77.5,,,,,81.1,,,,,87.5,,,,,90.6,,,,,95.1,,,,,97.2,,,,,97.3,,,,,98.7,,,,,98.1,,,,,97.6,,,,,98.2,,,,,98.1,,,,,99,,,,,99.9,,,,,101,,,,,102,,,,,103,,,,,104,,,,,104,,,,,104,,,,,105,,,,,105,,,,,105,,,,,105,,,,,105,,,,,105,,,,,106,,,,,106,,,,,106,,,,,106
United Arab Emirates,104,,,,,103,,,,,103,,,,,177,,,,,233,,,,,345,,,,,346,,,,,258,,,,,261,,,,,257,,,,,269,,,,,291,,,,,357,,,,,327,,,,,293,,,,,268,,,,,253,,,,,250,,,,,243,,,,,230,,,,,216,,,,,205,,,,,196,,,,,190,,,,,185,,,,,181,,,,,176,,,,,171,,,,,167,,,,,163,,,,,158
United Kingdom,96.3,,,,,97.5,,,,,99,,,,,101,,,,,101,,,,,102,,,,,102,,,,,102,,,,,101,,,,,99.7,,,,,99.2,,,,,100,,,,,99.7,,,,,100,,,,,101,,,,,102,,,,,103,,,,,103,,,,,104,,,,,104,,,,,104,,,,,104,,,,,104,,,,,104,,,,,104,,,,,104,,,,,104,,,,,104,,,,,104,,,,,104,,,,,105
United States,99.6,,,,,98.9,,,,,99.8,,,,,101,,,,,100,,,,,102,,,,,100,,,,,102,,,,,102,,,,,102,,,,,102,,,,,102,,,,,102,,,,,102,,,,,102,,,,,103,,,,,103,,,,,103,,,,,103,,,,,103,,,,,103,,,,,103,,,,,103,,,,,103,,,,,103,,,,,103,,,,,103,,,,,103,,,,,104,,,,,104,,,,,104
Uruguay,105,,,,,103,,,,,101,,,,,101,,,,,100,,,,,100,,,,,98,,,,,97.2,,,,,97.3,,,,,98.3,,,,,99.1,,,,,99,,,,,99.7,,,,,100,,,,,101,,,,,102,,,,,102,,,,,103,,,,,103,,,,,103,,,,,104,,,,,104,,,,,104,,,,,104,,,,,104,,,,,104,,,,,104,,,,,104,,,,,104,,,,,105,,,,,105
Uzbekistan,84.7,,,,,87.7,,,,,90.9,,,,,94,,,,,96.5,,,,,99.7,,,,,100,,,,,101,,,,,99.3,,,,,99.4,,,,,98.8,,,,,98.4,,,,,99.3,,,,,100,,,,,101,,,,,102,,,,,103,,,,,104,,,,,104,,,,,105,,,,,105,,,,,105,,,,,106,,,,,106,,,,,106,,,,,106,,,,,106,,,,,107,,,,,107,,,,,107,,,,,107
Vanuatu,110,,,,,110,,,,,110,,,,,110,,,,,112,,,,,111,,,,,109,,,,,104,,,,,100,,,,,100,,,,,101,,,,,101,,,,,98.7,,,,,99.9,,,,,101,,,,,101,,,,,101,,,,,101,,,,,102,,,,,103,,,,,103,,,,,103,,,,,103,,,,,103,,,,,103,,,,,103,,,,,103,,,,,104,,,,,104,,,,,104,,,,,104
Venezuela,106,,,,,105,,,,,104,,,,,104,,,,,103,,,,,103,,,,,102,,,,,102,,,,,102,,,,,102,,,,,101,,,,,101,,,,,100,,,,,100,,,,,100,,,,,100,,,,,100,,,,,101,,,,,101,,,,,101,,,,,102,,,,,102,,,,,103,,,,,103,,,,,103,,,,,104,,,,,104,,,,,104,,,,,104,,,,,104,,,,,104
Vietnam,99.7,,,,,98.6,,,,,97.8,,,,,97.1,,,,,97.5,,,,,97.3,,,,,97.8,,,,,98.4,,,,,98.9,,,,,99.1,,,,,99.5,,,,,100,,,,,101,,,,,101,,,,,102,,,,,102,,,,,104,,,,,105,,,,,106,,,,,106,,,,,106,,,,,106,,,,,106,,,,,105,,,,,104,,,,,104,,,,,104,,,,,104,,,,,104,,,,,104,,,,,104
Yemen,104,,,,,103,,,,,102,,,,,100,,,,,95.7,,,,,90.6,,,,,92.2,,,,,94.6,,,,,96.8,,,,,102,,,,,102,,,,,102,,,,,102,,,,,103,,,,,103,,,,,103,,,,,102,,,,,102,,,,,102,,,,,102,,,,,102,,,,,102,,,,,102,,,,,102,,,,,102,,,,,102,,,,,102,,,,,102,,,,,103,,,,,103,,,,,103
Zambia,97,,,,,97.8,,,,,98.3,,,,,99,,,,,98.9,,,,,98.9,,,,,98.9,,,,,98.4,,,,,97.8,,,,,97.5,,,,,97.6,,,,,98.3,,,,,98.8,,,,,99,,,,,98.8,,,,,98.6,,,,,98.7,,,,,98.9,,,,,99.2,,,,,99.5,,,,,99.8,,,,,100,,,,,100,,,,,100,,,,,101,,,,,101,,,,,101,,,,,101,,,,,101,,,,,102,,,,,102
Zimbabwe,99.8,,,,,100,,,,,101,,,,,100,,,,,99.7,,,,,99.2,,,,,98.1,,,,,98.6,,,,,98.5,,,,,96.6,,,,,95.7,,,,,94.1,,,,,94.1,,,,,94,,,,,95,,,,,95.8,,,,,96.9,,,,,97.8,,,,,98.4,,,,,98.7,,,,,98.8,,,,,98.9,,,,,99,,,,,99.1,,,,,99.4,,,,,99.6,,,,,99.8,,,,,100,,,,,100,,,,,100,,,,,100
